ESCUELA,SEXO,PROMOCION_INGRESO,MODALIDAD,COLEGIO_PROCEDENCIA
ADMINISTRACION,Masculino,2023B,Examen General de Admision,Colegio Nacional
ADMINISTRACION,Masculino,2023B,Deportistas Calificados,Colegio Particular
ADMINISTRACION,Masculino,2023B,Primer/Segundo Puesto,Colegio Nacional
ADMINISTRACION,Femenino,2023B,Centro Pre-Universitario,Centro Pre de UNAC
ADMINISTRACION,Masculino,2023B,Centro Pre-Universitario,Colegio Nacional
ADMINISTRACION,Femenino,2023B,Centro Pre-Universitario,Colegio Nacional
ADMINISTRACION,Femenino,2023B,Primer/Segundo Puesto,Colegio Nacional
ADMINISTRACION,Femenino,2023B,Centro Pre-Universitario,Colegio Nacional
ADMINISTRACION,Femenino,2023B,Centro Pre-Universitario,Colegio Particular
ADMINISTRACION,Masculino,2023B,Centro Pre-Universitario,Colegio Nacional
ADMINISTRACION,Femenino,2023B,Examen General de Admision,Colegio Nacional
ADMINISTRACION,Femenino,2023B,Centro Pre-Universitario,Colegio Nacional
ADMINISTRACION,Femenino,2023B,Examen General de Admision,Colegio Particular
ADMINISTRACION,Femenino,2023B,Centro Pre-Universitario,Colegio Particular
ADMINISTRACION,Femenino,2023B,Centro Pre-Universitario,Colegio Particular
ADMINISTRACION,Femenino,2023B,Centro Pre-Universitario,Colegio Nacional
ADMINISTRACION,Femenino,2023B,Centro Pre-Universitario,Colegio Nacional
ADMINISTRACION,Femenino,2023B,Centro Pre-Universitario,Colegio Nacional
ADMINISTRACION,Femenino,2023B,Examen General de Admision,Colegio Nacional
ADMINISTRACION,Masculino,2023B,Centro Pre-Universitario,Colegio Nacional
ADMINISTRACION,Femenino,2023B,Examen General de Admision,Colegio Particular
ADMINISTRACION,Femenino,2023B,Centro Pre-Universitario,Colegio Particular
ADMINISTRACION,Masculino,2023B,Examen General de Admision,Colegio Nacional
ADMINISTRACION,Femenino,2023B,Examen General de Admision,Colegio Nacional
ADMINISTRACION,Masculino,2023B,Centro Pre-Universitario,Colegio Nacional
ADMINISTRACION,Femenino,2023B,Centro Pre-Universitario,Colegio Nacional
ADMINISTRACION,Masculino,2023B,Examen General de Admision,Colegio Nacional
ADMINISTRACION,Masculino,2023B,Centro Pre-Universitario,Colegio Nacional
ADMINISTRACION,Femenino,2023B,Examen General de Admision,Colegio Particular
ADMINISTRACION,Femenino,2023B,Centro Pre-Universitario,Colegio Particular
ADMINISTRACION,Masculino,2023B,Examen General de Admision,Colegio Nacional
ADMINISTRACION,Femenino,2023B,Examen General de Admision,Colegio Particular
ADMINISTRACION,Femenino,2023B,Centro Pre-Universitario,Colegio Particular
ADMINISTRACION,Masculino,2023B,Centro Pre-Universitario,Colegio Nacional
ADMINISTRACION,Femenino,2023B,Examen General de Admision,Colegio Nacional
ADMINISTRACION,Masculino,2023B,Examen General de Admision,Colegio Particular
ADMINISTRACION,Masculino,2023B,Examen General de Admision,Colegio Particular
ADMINISTRACION,Femenino,2023B,Examen General de Admision,Colegio Parroquial
ADMINISTRACION,Femenino,2023B,Examen General de Admision,Colegio Particular
ADMINISTRACION,Masculino,2023B,Examen General de Admision,Colegio Nacional
ADMINISTRACION,Masculino,2023B,Examen General de Admision,Colegio Particular
ADMINISTRACION,Femenino,2023B,Examen General de Admision,Colegio Particular
ADMINISTRACION,Masculino,2023B,Examen General de Admision,Colegio Particular
ADMINISTRACION,Femenino,2023B,Examen General de Admision,Colegio Nacional
ADMINISTRACION,Femenino,2023B,Examen General de Admision,Colegio Nacional
ADMINISTRACION,Masculino,2023B,Examen General de Admision,Colegio Particular
ADMINISTRACION,Masculino,2023B,Examen General de Admision,Colegio Particular
ADMINISTRACION,Femenino,2023B,Examen General de Admision,Colegio Nacional
ADMINISTRACION,Masculino,2023B,Examen General de Admision,Colegio Particular
ADMINISTRACION,Femenino,2023B,Examen General de Admision,Colegio Nacional
ADMINISTRACION,Masculino,2023B,Examen General de Admision,Colegio Particular
ADMINISTRACION,Femenino,2023B,Examen General de Admision,Colegio Particular
ADMINISTRACION,Masculino,2023B,Examen General de Admision,Colegio Nacional
ADMINISTRACION,Femenino,2023B,Examen General de Admision,Colegio Nacional
ADMINISTRACION,Femenino,2023B,Examen General de Admision,Colegio Particular
ADMINISTRACION,Femenino,2023B,Examen General de Admision,Colegio Nacional
ADMINISTRACION,Femenino,2023B,Examen General de Admision,Colegio Particular
ADMINISTRACION,Masculino,2023B,Examen General de Admision,Colegio Particular
ADMINISTRACION,Masculino,2023B,Examen General de Admision,Colegio Particular
ADMINISTRACION,Masculino,2023B,Examen General de Admision,Colegio Particular
ADMINISTRACION,Masculino,2023B,Examen General de Admision,Colegio Parroquial
ADMINISTRACION,Femenino,2023B,Examen General de Admision,Colegio Particular
ADMINISTRACION,Femenino,2023B,Examen General de Admision,Colegio Nacional
ADMINISTRACION,Femenino,2023B,Examen General de Admision,Colegio Particular
ADMINISTRACION,Femenino,2023B,Examen General de Admision,Colegio Particular
ADMINISTRACION,Femenino,2023B,Examen General de Admision,Colegio Particular
ADMINISTRACION,Masculino,2023B,Examen General de Admision,Colegio Particular
ADMINISTRACION,Femenino,2023B,Examen General de Admision,Colegio Particular
ADMINISTRACION,Femenino,2023B,Examen General de Admision,Colegio Nacional
ADMINISTRACION,Masculino,2023B,Examen General de Admision,Colegio Particular
ADMINISTRACION,Masculino,2023B,Examen General de Admision,Colegio Nacional
ADMINISTRACION,Masculino,2023B,Examen General de Admision,Colegio Particular
ADMINISTRACION,Masculino,2023B,Examen General de Admision,Colegio Nacional
ADMINISTRACION,Masculino,2023B,Examen General de Admision,Colegio Nacional
ADMINISTRACION,Masculino,2023B,Examen General de Admision,Colegio Nacional
ADMINISTRACION,Masculino,2023B,Examen General de Admision,Colegio Nacional
ADMINISTRACION,Femenino,2023B,Examen General de Admision,Colegio Particular
ADMINISTRACION,Masculino,2023B,Examen General de Admision,Colegio Particular
ADMINISTRACION,Masculino,2023B,Examen General de Admision,Colegio Nacional
ADMINISTRACION,Femenino,2023B,Examen General de Admision,Colegio Nacional
ADMINISTRACION,Masculino,2023B,Examen General de Admision,Colegio Nacional
ADMINISTRACION,Femenino,2023B,Examen General de Admision,Colegio Particular
ADMINISTRACION,Masculino,2023B,Examen General de Admision,Colegio Particular
ADMINISTRACION,Femenino,2023B,Examen General de Admision,Colegio Nacional
ADMINISTRACION,Masculino,2023B,Examen General de Admision,Colegio Nacional
CONTABILIDAD,Femenino,2023B,Segunda Profesionalizacion,Esta Universidad
CONTABILIDAD,Femenino,2023B,Examen General de Admision,Colegio Parroquial
CONTABILIDAD,Masculino,2023B,Centro Pre-Universitario,Centro Pre de UNAC
CONTABILIDAD,Masculino,2023B,Traslado Externo Nacional,Universidad Particular
CONTABILIDAD,Masculino,2023B,Centro Pre-Universitario,Centro Pre de UNAC
CONTABILIDAD,Femenino,2023B,Victimas del Terrorismo,Colegio Nacional
CONTABILIDAD,Femenino,2023B,Centro Pre-Universitario,Centro Pre de UNAC
CONTABILIDAD,Masculino,2023B,Centro Pre-Universitario,Centro Pre de UNAC
CONTABILIDAD,Femenino,2023B,Examen General de Admision,Colegio Nacional
CONTABILIDAD,Masculino,2023B,Centro Pre-Universitario,Centro Pre de UNAC
CONTABILIDAD,Femenino,2023B,Examen General de Admision,Colegio Nacional
CONTABILIDAD,Femenino,2023B,Centro Pre-Universitario,Centro Pre de UNAC
CONTABILIDAD,Femenino,2023B,Centro Pre-Universitario,Centro Pre de UNAC
CONTABILIDAD,Femenino,2023B,Centro Pre-Universitario,Centro Pre de UNAC
CONTABILIDAD,Femenino,2023B,Examen General de Admision,Colegio Particular
CONTABILIDAD,Femenino,2023B,Centro Pre-Universitario,Centro Pre de UNAC
CONTABILIDAD,Masculino,2023B,Examen General de Admision,Colegio Particular
CONTABILIDAD,Femenino,2023B,Centro Pre-Universitario,Centro Pre de UNAC
CONTABILIDAD,Femenino,2023B,Examen General de Admision,Colegio Particular
CONTABILIDAD,Masculino,2023B,Centro Pre-Universitario,Centro Pre de UNAC
CONTABILIDAD,Femenino,2023B,Examen General de Admision,Colegio Nacional
CONTABILIDAD,Femenino,2023B,Centro Pre-Universitario,Centro Pre de UNAC
CONTABILIDAD,Femenino,2023B,Centro Pre-Universitario,Centro Pre de UNAC
CONTABILIDAD,Femenino,2023B,Centro Pre-Universitario,Centro Pre de UNAC
CONTABILIDAD,Masculino,2023B,Centro Pre-Universitario,Centro Pre de UNAC
CONTABILIDAD,Masculino,2023B,Centro Pre-Universitario,Centro Pre de UNAC
CONTABILIDAD,Femenino,2023B,Centro Pre-Universitario,Centro Pre de UNAC
CONTABILIDAD,Femenino,2023B,Examen General de Admision,Colegio Nacional
CONTABILIDAD,Femenino,2023B,Centro Pre-Universitario,Centro Pre de UNAC
CONTABILIDAD,Masculino,2023B,Centro Pre-Universitario,Centro Pre de UNAC
CONTABILIDAD,Femenino,2023B,Examen General de Admision,Colegio Particular
CONTABILIDAD,Femenino,2023B,Examen General de Admision,Colegio Particular
CONTABILIDAD,Masculino,2023B,Centro Pre-Universitario,Centro Pre de UNAC
CONTABILIDAD,Masculino,2023B,Centro Pre-Universitario,Centro Pre de UNAC
CONTABILIDAD,Masculino,2023B,Examen General de Admision,Colegio Particular
CONTABILIDAD,Masculino,2023B,Centro Pre-Universitario,Centro Pre de UNAC
CONTABILIDAD,Femenino,2023B,Examen General de Admision,Colegio Nacional
CONTABILIDAD,Masculino,2023B,Centro Pre-Universitario,Centro Pre de UNAC
CONTABILIDAD,Femenino,2023B,Examen General de Admision,Colegio Particular
CONTABILIDAD,Masculino,2023B,Centro Pre-Universitario,Centro Pre de UNAC
CONTABILIDAD,Masculino,2023B,Centro Pre-Universitario,Centro Pre de UNAC
CONTABILIDAD,Masculino,2023B,Examen General de Admision,Colegio Particular
CONTABILIDAD,Femenino,2023B,Examen General de Admision,Colegio Nacional
CONTABILIDAD,Femenino,2023B,Examen General de Admision,Colegio Nacional
CONTABILIDAD,Femenino,2023B,Examen General de Admision,Colegio Particular
CONTABILIDAD,Masculino,2023B,Examen General de Admision,Colegio Nacional
CONTABILIDAD,Femenino,2023B,Examen General de Admision,Colegio Particular
CONTABILIDAD,Masculino,2023B,Examen General de Admision,Colegio Particular
CONTABILIDAD,Femenino,2023B,Examen General de Admision,Colegio Nacional
CONTABILIDAD,Femenino,2023B,Examen General de Admision,Colegio Particular
CONTABILIDAD,Masculino,2023B,Examen General de Admision,Colegio Nacional
CONTABILIDAD,Masculino,2023B,Examen General de Admision,Colegio Particular
CONTABILIDAD,Femenino,2023B,Examen General de Admision,Colegio Nacional
CONTABILIDAD,Masculino,2023B,Examen General de Admision,Colegio Particular
CONTABILIDAD,Masculino,2023B,Examen General de Admision,Colegio Nacional
CONTABILIDAD,Femenino,2023B,Examen General de Admision,Colegio Particular
CONTABILIDAD,Masculino,2023B,Examen General de Admision,Colegio Nacional
CONTABILIDAD,Masculino,2023B,Examen General de Admision,Colegio Nacional
CONTABILIDAD,Masculino,2023B,Examen General de Admision,Colegio Particular
CONTABILIDAD,Femenino,2023B,Examen General de Admision,Colegio Nacional
CONTABILIDAD,Masculino,2023B,Examen General de Admision,Colegio Nacional
CONTABILIDAD,Femenino,2023B,Examen General de Admision,Colegio Nacional
CONTABILIDAD,Femenino,2023B,Examen General de Admision,Colegio Particular
CONTABILIDAD,Masculino,2023B,Examen General de Admision,Colegio Particular
CONTABILIDAD,Masculino,2023B,Examen General de Admision,Colegio Particular
CONTABILIDAD,Masculino,2023B,Examen General de Admision,Colegio Nacional
CONTABILIDAD,Masculino,2023B,Examen General de Admision,Colegio Nacional
CONTABILIDAD,Femenino,2023B,Examen General de Admision,Colegio Nacional
CONTABILIDAD,Femenino,2023B,Examen General de Admision,Colegio Nacional
CONTABILIDAD,Masculino,2023B,Examen General de Admision,Colegio Parroquial
CONTABILIDAD,Femenino,2023B,Examen General de Admision,Colegio Nacional
CONTABILIDAD,Femenino,2023B,Examen General de Admision,Colegio Particular
CONTABILIDAD,Masculino,2023B,Examen General de Admision,Colegio Particular
CONTABILIDAD,Masculino,2023B,Examen General de Admision,Colegio Nacional
CONTABILIDAD,Masculino,2023B,Examen General de Admision,Colegio Nacional
CONTABILIDAD,Masculino,2023B,Examen General de Admision,Colegio Nacional
CONTABILIDAD,Femenino,2023B,Examen General de Admision,Colegio Particular
CONTABILIDAD,Femenino,2023B,Examen General de Admision,Colegio Particular
CONTABILIDAD,Masculino,2023B,Examen General de Admision,Colegio Nacional
CONTABILIDAD,Masculino,2023B,Examen General de Admision,Colegio Nacional
CONTABILIDAD,Femenino,2023B,Examen General de Admision,Colegio Nacional
CONTABILIDAD,Femenino,2023B,Examen General de Admision,Colegio Nacional
CONTABILIDAD,Femenino,2023B,Examen General de Admision,Colegio Particular
CONTABILIDAD,Masculino,2023B,Examen General de Admision,Colegio Particular
CONTABILIDAD,Femenino,2023B,Examen General de Admision,Colegio Nacional
CONTABILIDAD,Masculino,2023B,Examen General de Admision,Colegio Nacional
CONTABILIDAD,Masculino,2023B,Examen General de Admision,Colegio Parroquial
CONTABILIDAD,Femenino,2023B,Examen General de Admision,Colegio Nacional
CONTABILIDAD,Masculino,2023B,Examen General de Admision,Colegio Nacional
CONTABILIDAD,Masculino,2023B,Examen General de Admision,Colegio Nacional
CONTABILIDAD,Masculino,2023B,Examen General de Admision,Colegio Nacional
CONTABILIDAD,Masculino,2023B,Examen General de Admision,Colegio Nacional
CONTABILIDAD,Femenino,2023B,Examen General de Admision,Colegio Particular
CONTABILIDAD,Femenino,2023B,Examen General de Admision,Colegio Nacional
CONTABILIDAD,Femenino,2023B,Examen General de Admision,Colegio Nacional
CONTABILIDAD,Masculino,2023B,Examen General de Admision,Colegio Nacional
CONTABILIDAD,Femenino,2023B,Examen General de Admision,Colegio Parroquial
CONTABILIDAD,Femenino,2023B,Examen General de Admision,Colegio Nacional
CONTABILIDAD,Femenino,2023B,Examen General de Admision,Colegio Nacional
CONTABILIDAD,Masculino,2023B,Examen General de Admision,Colegio Parroquial
CONTABILIDAD,Masculino,2023B,Examen General de Admision,Colegio Particular
CONTABILIDAD,Femenino,2023B,Examen General de Admision,Colegio Nacional
CONTABILIDAD,Masculino,2023B,Examen General de Admision,Colegio Nacional
CONTABILIDAD,Masculino,2023B,Examen General de Admision,Colegio Nacional
CONTABILIDAD,Femenino,2023B,Examen General de Admision,Colegio Nacional
CONTABILIDAD,Femenino,2023B,Examen General de Admision,Colegio Particular
CONTABILIDAD,Femenino,2023B,Examen General de Admision,Colegio Nacional
CONTABILIDAD,Masculino,2023B,Examen General de Admision,Colegio Nacional
CONTABILIDAD,Masculino,2023B,Examen General de Admision,Colegio Particular
CONTABILIDAD,Masculino,2023B,Examen General de Admision,Colegio Particular
CONTABILIDAD,Masculino,2023B,Examen General de Admision,Colegio Particular
CONTABILIDAD,Masculino,2023B,Examen General de Admision,Colegio Particular
CONTABILIDAD,Femenino,2023B,Examen General de Admision,Colegio Particular
CONTABILIDAD,Masculino,2023B,Examen General de Admision,Colegio Nacional
CONTABILIDAD,Femenino,2023B,Examen General de Admision,Colegio Nacional
CONTABILIDAD,Masculino,2023B,Examen General de Admision,Colegio Nacional
CONTABILIDAD,Femenino,2023B,Examen General de Admision,Colegio Particular
CONTABILIDAD,Femenino,2023B,Examen General de Admision,Colegio Particular
CONTABILIDAD,Femenino,2023B,Examen General de Admision,Colegio Particular
CONTABILIDAD,Femenino,2023B,Examen General de Admision,Colegio Nacional
CONTABILIDAD,Masculino,2023B,Examen General de Admision,Colegio Nacional
ECONOMIA,Masculino,2023B,Examen General de Admision,Colegio Nacional
ECONOMIA,Femenino,2023B,Centro Pre-Universitario,Centro Pre de UNAC
ECONOMIA,Femenino,2023B,Primer/Segundo Puesto,Colegio Nacional
ECONOMIA,Masculino,2023B,Examen General de Admision,Colegio Nacional
ECONOMIA,Masculino,2023B,Examen General de Admision,Colegio Particular
ECONOMIA,Masculino,2023B,Centro Pre-Universitario,Centro Pre de UNAC
ECONOMIA,Femenino,2023B,Centro Pre-Universitario,Centro Pre de UNAC
ECONOMIA,Masculino,2023B,Victimas del Terrorismo,Colegio Nacional
ECONOMIA,Masculino,2023B,Centro Pre-Universitario,Centro Pre de UNAC
ECONOMIA,Masculino,2023B,Examen General de Admision,Colegio Particular
ECONOMIA,Masculino,2023B,Centro Pre-Universitario,Centro Pre de UNAC
ECONOMIA,Masculino,2023B,Examen General de Admision,Colegio Nacional
ECONOMIA,Femenino,2023B,Centro Pre-Universitario,Centro Pre de UNAC
ECONOMIA,Masculino,2023B,Examen General de Admision,Colegio Nacional
ECONOMIA,Femenino,2023B,Centro Pre-Universitario,Centro Pre de UNAC
ECONOMIA,Masculino,2023B,Centro Pre-Universitario,Centro Pre de UNAC
ECONOMIA,Femenino,2023B,Examen General de Admision,Colegio Particular
ECONOMIA,Masculino,2023B,Examen General de Admision,Colegio Particular
ECONOMIA,Masculino,2023B,Centro Pre-Universitario,Centro Pre de UNAC
ECONOMIA,Masculino,2023B,Centro Pre-Universitario,Centro Pre de UNAC
ECONOMIA,Masculino,2023B,Examen General de Admision,Colegio Particular
ECONOMIA,Femenino,2023B,Centro Pre-Universitario,Centro Pre de UNAC
ECONOMIA,Masculino,2023B,Examen General de Admision,Colegio Particular
ECONOMIA,Femenino,2023B,Centro Pre-Universitario,Centro Pre de UNAC
ECONOMIA,Femenino,2023B,Examen General de Admision,Colegio Particular
ECONOMIA,Femenino,2023B,Centro Pre-Universitario,Centro Pre de UNAC
ECONOMIA,Masculino,2023B,Examen General de Admision,Colegio Particular
ECONOMIA,Masculino,2023B,Centro Pre-Universitario,Centro Pre de UNAC
ECONOMIA,Femenino,2023B,Centro Pre-Universitario,Centro Pre de UNAC
ECONOMIA,Masculino,2023B,Examen General de Admision,Colegio Nacional
ECONOMIA,Masculino,2023B,Centro Pre-Universitario,Centro Pre de UNAC
ECONOMIA,Femenino,2023B,Centro Pre-Universitario,Centro Pre de UNAC
ECONOMIA,Femenino,2023B,Centro Pre-Universitario,Centro Pre de UNAC
ECONOMIA,Masculino,2023B,Examen General de Admision,Colegio Particular
ECONOMIA,Masculino,2023B,Centro Pre-Universitario,Centro Pre de UNAC
ECONOMIA,Femenino,2023B,Centro Pre-Universitario,Centro Pre de UNAC
ECONOMIA,Masculino,2023B,Examen General de Admision,Colegio Particular
ECONOMIA,Masculino,2023B,Examen General de Admision,Colegio Particular
ECONOMIA,Femenino,2023B,Examen General de Admision,Colegio Particular
ECONOMIA,Femenino,2023B,Examen General de Admision,Colegio Nacional
ECONOMIA,Masculino,2023B,Examen General de Admision,Colegio Nacional
ECONOMIA,Masculino,2023B,Examen General de Admision,Colegio Particular
ECONOMIA,Masculino,2023B,Examen General de Admision,Colegio Particular
ECONOMIA,Masculino,2023B,Examen General de Admision,Colegio Nacional
ECONOMIA,Masculino,2023B,Examen General de Admision,Colegio Nacional
ECONOMIA,Femenino,2023B,Examen General de Admision,Colegio Particular
ECONOMIA,Masculino,2023B,Examen General de Admision,Colegio Particular
ECONOMIA,Femenino,2023B,Examen General de Admision,Colegio Nacional
ECONOMIA,Masculino,2023B,Examen General de Admision,Colegio Nacional
ECONOMIA,Femenino,2023B,Examen General de Admision,Colegio Nacional
ECONOMIA,Masculino,2023B,Examen General de Admision,Colegio Particular
ECONOMIA,Femenino,2023B,Examen General de Admision,Colegio Nacional
ECONOMIA,Femenino,2023B,Examen General de Admision,Colegio Nacional
ECONOMIA,Masculino,2023B,Examen General de Admision,Colegio Nacional
ECONOMIA,Femenino,2023B,Examen General de Admision,Colegio Particular
ECONOMIA,Femenino,2023B,Examen General de Admision,Colegio Particular
ECONOMIA,Femenino,2023B,Examen General de Admision,Colegio Nacional
ECONOMIA,Femenino,2023B,Examen General de Admision,Colegio Nacional
ECONOMIA,Femenino,2023B,Examen General de Admision,Colegio Particular
ECONOMIA,Masculino,2023B,Examen General de Admision,Colegio Parroquial
ECONOMIA,Masculino,2023B,Examen General de Admision,Colegio Nacional
ECONOMIA,Masculino,2023B,Examen General de Admision,Colegio Nacional
ECONOMIA,Femenino,2023B,Examen General de Admision,Colegio Nacional
ECONOMIA,Femenino,2023B,Examen General de Admision,Colegio Nacional
ECONOMIA,Femenino,2023B,Examen General de Admision,Colegio Particular
ECONOMIA,Masculino,2023B,Examen General de Admision,Colegio Nacional
ECONOMIA,Masculino,2023B,Examen General de Admision,Colegio Nacional
ECONOMIA,Femenino,2023B,Examen General de Admision,Colegio Particular
ECONOMIA,Masculino,2023B,Examen General de Admision,Colegio Parroquial
ECONOMIA,Femenino,2023B,Examen General de Admision,Colegio Nacional
ECONOMIA,Masculino,2023B,Examen General de Admision,Colegio Nacional
ECONOMIA,Femenino,2023B,Examen General de Admision,Colegio Nacional
ECONOMIA,Femenino,2023B,Examen General de Admision,Colegio Nacional
ECONOMIA,Masculino,2023B,Examen General de Admision,Colegio Particular
ECONOMIA,Masculino,2023B,Examen General de Admision,Colegio Particular
ECONOMIA,Masculino,2023B,Examen General de Admision,Colegio Particular
ECONOMIA,Femenino,2023B,Examen General de Admision,Colegio Particular
ECONOMIA,Masculino,2023B,Examen General de Admision,Colegio Nacional
ECONOMIA,Masculino,2023B,Examen General de Admision,Colegio Particular
ECONOMIA,Masculino,2023B,Examen General de Admision,Colegio Nacional
ECONOMIA,Femenino,2023B,Examen General de Admision,Colegio Nacional
ECONOMIA,Femenino,2023B,Examen General de Admision,Colegio Nacional
ECONOMIA,Masculino,2023B,Examen General de Admision,Colegio Particular
ECONOMIA,Masculino,2023B,Examen General de Admision,Colegio Parroquial
ECONOMIA,Femenino,2023B,Examen General de Admision,Colegio Particular
ECONOMIA,Masculino,2023B,Examen General de Admision,Colegio Nacional
ECONOMIA,Masculino,2023B,Examen General de Admision,Colegio Nacional
ECONOMIA,Femenino,2023B,Examen General de Admision,Colegio Nacional
ECONOMIA,Femenino,2023B,Examen General de Admision,Colegio Particular
ECONOMIA,Femenino,2023B,Examen General de Admision,Colegio Particular
ECONOMIA,Femenino,2023B,Examen General de Admision,Colegio Particular
ECONOMIA,Masculino,2023B,Examen General de Admision,Colegio Particular
ECONOMIA,Femenino,2023B,Examen General de Admision,Colegio Particular
ECONOMIA,Femenino,2023B,Examen General de Admision,Colegio Particular
ECONOMIA,Femenino,2023B,Examen General de Admision,Colegio Nacional
ECONOMIA,Masculino,2023B,Examen General de Admision,Colegio Particular
ECONOMIA,Masculino,2023B,Examen General de Admision,Colegio Nacional
ECONOMIA,Masculino,2023B,Examen General de Admision,Colegio Nacional
ECONOMIA,Masculino,2023B,Examen General de Admision,Colegio Particular
ECONOMIA,Femenino,2023B,Examen General de Admision,Colegio Nacional
ECONOMIA,Masculino,2023B,Examen General de Admision,Colegio Particular
ECONOMIA,Femenino,2023B,Examen General de Admision,Colegio Nacional
ECONOMIA,Masculino,2023B,Examen General de Admision,Colegio Particular
ECONOMIA,Masculino,2023B,Examen General de Admision,Colegio Nacional
ECONOMIA,Masculino,2023B,Examen General de Admision,Colegio Particular
ECONOMIA,Femenino,2023B,Examen General de Admision,Colegio Parroquial
ECONOMIA,Femenino,2023B,Examen General de Admision,Colegio Particular
ECONOMIA,Femenino,2023B,Examen General de Admision,Colegio Particular
ECONOMIA,Masculino,2023B,Examen General de Admision,Colegio Nacional
ECONOMIA,Femenino,2023B,Examen General de Admision,Colegio Particular
ECONOMIA,Masculino,2023B,Examen General de Admision,Colegio Nacional
ECONOMIA,Masculino,2023B,Examen General de Admision,Colegio Particular
ECONOMIA,Masculino,2023B,Examen General de Admision,Colegio Particular
ECONOMIA,Femenino,2023B,Examen General de Admision,Colegio Nacional
ECONOMIA,Masculino,2023B,Examen General de Admision,Colegio Parroquial
ECONOMIA,Femenino,2023B,Examen General de Admision,Colegio Particular
ECONOMIA,Masculino,2023B,Examen General de Admision,Colegio Particular
ECONOMIA,Masculino,2023B,Examen General de Admision,Colegio Particular
INGENIERIA ELECTRICA,Masculino,2023B,Segunda Profesionalizacion,Esta Universidad
INGENIERIA ELECTRICA,Masculino,2023B,Traslado Interno,Esta Universidad
INGENIERIA ELECTRICA,Masculino,2023B,Centro Pre-Universitario,Centro Pre de UNAC
INGENIERIA ELECTRICA,Femenino,2023B,Examen General de Admision,Colegio Particular
INGENIERIA ELECTRICA,Masculino,2023B,Centro Pre-Universitario,Centro Pre de UNAC
INGENIERIA ELECTRICA,Masculino,2023B,Centro Pre-Universitario,Centro Pre de UNAC
INGENIERIA ELECTRICA,Masculino,2023B,Examen General de Admision,Colegio Particular
INGENIERIA ELECTRICA,Femenino,2023B,Centro Pre-Universitario,Centro Pre de UNAC
INGENIERIA ELECTRICA,Masculino,2023B,Centro Pre-Universitario,Centro Pre de UNAC
INGENIERIA ELECTRICA,Masculino,2023B,Examen General de Admision,Colegio Particular
INGENIERIA ELECTRICA,Masculino,2023B,Centro Pre-Universitario,Centro Pre de UNAC
INGENIERIA ELECTRICA,Masculino,2023B,Centro Pre-Universitario,Centro Pre de UNAC
INGENIERIA ELECTRICA,Masculino,2023B,Centro Pre-Universitario,Centro Pre de UNAC
INGENIERIA ELECTRICA,Masculino,2023B,Examen General de Admision,Colegio Nacional
INGENIERIA ELECTRICA,Femenino,2023B,Centro Pre-Universitario,Centro Pre de UNAC
INGENIERIA ELECTRICA,Masculino,2023B,Examen General de Admision,Colegio Particular
INGENIERIA ELECTRICA,Masculino,2023B,Examen General de Admision,Colegio Particular
INGENIERIA ELECTRICA,Masculino,2023B,Centro Pre-Universitario,Centro Pre de UNAC
INGENIERIA ELECTRICA,Masculino,2023B,Centro Pre-Universitario,Centro Pre de UNAC
INGENIERIA ELECTRICA,Masculino,2023B,Examen General de Admision,Colegio Particular
INGENIERIA ELECTRICA,Masculino,2023B,Centro Pre-Universitario,Centro Pre de UNAC
INGENIERIA ELECTRICA,Femenino,2023B,Centro Pre-Universitario,Centro Pre de UNAC
INGENIERIA ELECTRICA,Masculino,2023B,Examen General de Admision,Colegio Particular
INGENIERIA ELECTRICA,Masculino,2023B,Centro Pre-Universitario,Centro Pre de UNAC
INGENIERIA ELECTRICA,Masculino,2023B,Centro Pre-Universitario,Centro Pre de UNAC
INGENIERIA ELECTRICA,Masculino,2023B,Examen General de Admision,Colegio Particular
INGENIERIA ELECTRICA,Masculino,2023B,Examen General de Admision,Colegio Nacional
INGENIERIA ELECTRICA,Masculino,2023B,Examen General de Admision,Colegio Particular
INGENIERIA ELECTRICA,Masculino,2023B,Examen General de Admision,Colegio Nacional
INGENIERIA ELECTRICA,Masculino,2023B,Examen General de Admision,Colegio Particular
INGENIERIA ELECTRICA,Masculino,2023B,Examen General de Admision,Colegio Particular
INGENIERIA ELECTRICA,Masculino,2023B,Examen General de Admision,Colegio Nacional
INGENIERIA ELECTRICA,Masculino,2023B,Examen General de Admision,Colegio Particular
INGENIERIA ELECTRICA,Masculino,2023B,Examen General de Admision,Colegio Particular
INGENIERIA ELECTRICA,Masculino,2023B,Examen General de Admision,Colegio Nacional
INGENIERIA ELECTRICA,Masculino,2023B,Examen General de Admision,Colegio Particular
INGENIERIA ELECTRICA,Masculino,2023B,Examen General de Admision,Colegio Nacional
INGENIERIA ELECTRICA,Femenino,2023B,Examen General de Admision,Colegio Particular
INGENIERIA ELECTRICA,Masculino,2023B,Examen General de Admision,Colegio Nacional
INGENIERIA ELECTRICA,Masculino,2023B,Examen General de Admision,Colegio Nacional
INGENIERIA ELECTRICA,Masculino,2023B,Examen General de Admision,Colegio Nacional
INGENIERIA ELECTRICA,Masculino,2023B,Examen General de Admision,Colegio Nacional
INGENIERIA ELECTRICA,Masculino,2023B,Examen General de Admision,Colegio Particular
INGENIERIA ELECTRICA,Masculino,2023B,Examen General de Admision,Colegio Particular
INGENIERIA ELECTRICA,Masculino,2023B,Examen General de Admision,Colegio Nacional
INGENIERIA ELECTRICA,Masculino,2023B,Examen General de Admision,Colegio Nacional
INGENIERIA ELECTRICA,Masculino,2023B,Examen General de Admision,Colegio Nacional
INGENIERIA ELECTRICA,Masculino,2023B,Examen General de Admision,Colegio Nacional
INGENIERIA ELECTRICA,Masculino,2023B,Examen General de Admision,Colegio Particular
INGENIERIA ELECTRICA,Masculino,2023B,Examen General de Admision,Colegio Nacional
INGENIERIA ELECTRICA,Masculino,2023B,Examen General de Admision,Colegio Nacional
INGENIERIA ELECTRICA,Masculino,2023B,Examen General de Admision,Colegio Nacional
INGENIERIA ELECTRICA,Masculino,2023B,Examen General de Admision,Colegio Particular
INGENIERIA ELECTRICA,Masculino,2023B,Examen General de Admision,Colegio Nacional
INGENIERIA ELECTRICA,Masculino,2023B,Examen General de Admision,Colegio Particular
INGENIERIA ELECTRICA,Masculino,2023B,Examen General de Admision,Colegio Particular
INGENIERIA ELECTRICA,Masculino,2023B,Examen General de Admision,Colegio Nacional
INGENIERIA ELECTRICA,Masculino,2023B,Examen General de Admision,Colegio Nacional
INGENIERIA ELECTRICA,Masculino,2023B,Examen General de Admision,Colegio Parroquial
INGENIERIA ELECTRICA,Masculino,2023B,Examen General de Admision,Colegio Particular
INGENIERIA ELECTRICA,Masculino,2023B,Examen General de Admision,Colegio Nacional
INGENIERIA ELECTRONICA,Masculino,2023B,Traslado Interno,Esta Universidad
INGENIERIA ELECTRONICA,Masculino,2023B,Centro Pre-Universitario,Centro Pre de UNAC
INGENIERIA ELECTRONICA,Masculino,2023B,Traslado Externo Nacional,Universidad Nacional
INGENIERIA ELECTRONICA,Masculino,2023B,Centro Pre-Universitario,Centro Pre de UNAC
INGENIERIA ELECTRONICA,Masculino,2023B,Centro Pre-Universitario,Centro Pre de UNAC
INGENIERIA ELECTRONICA,Masculino,2023B,Centro Pre-Universitario,Centro Pre de UNAC
INGENIERIA ELECTRONICA,Femenino,2023B,Centro Pre-Universitario,Centro Pre de UNAC
INGENIERIA ELECTRONICA,Masculino,2023B,Examen General de Admision,Colegio Nacional
INGENIERIA ELECTRONICA,Masculino,2023B,Centro Pre-Universitario,Centro Pre de UNAC
INGENIERIA ELECTRONICA,Masculino,2023B,Examen General de Admision,Colegio Particular
INGENIERIA ELECTRONICA,Masculino,2023B,Centro Pre-Universitario,Centro Pre de UNAC
INGENIERIA ELECTRONICA,Masculino,2023B,Examen General de Admision,Colegio Nacional
INGENIERIA ELECTRONICA,Femenino,2023B,Examen General de Admision,Colegio Nacional
INGENIERIA ELECTRONICA,Masculino,2023B,Examen General de Admision,Colegio Particular
INGENIERIA ELECTRONICA,Masculino,2023B,Examen General de Admision,Colegio Particular
INGENIERIA ELECTRONICA,Masculino,2023B,Centro Pre-Universitario,Centro Pre de UNAC
INGENIERIA ELECTRONICA,Masculino,2023B,Centro Pre-Universitario,Centro Pre de UNAC
INGENIERIA ELECTRONICA,Masculino,2023B,Examen General de Admision,Colegio Nacional
INGENIERIA ELECTRONICA,Masculino,2023B,Examen General de Admision,Colegio Particular
INGENIERIA ELECTRONICA,Masculino,2023B,Centro Pre-Universitario,Centro Pre de UNAC
INGENIERIA ELECTRONICA,Masculino,2023B,Centro Pre-Universitario,Centro Pre de UNAC
INGENIERIA ELECTRONICA,Femenino,2023B,Examen General de Admision,Colegio Nacional
INGENIERIA ELECTRONICA,Masculino,2023B,Examen General de Admision,Colegio Particular
INGENIERIA ELECTRONICA,Masculino,2023B,Examen General de Admision,Colegio Particular
INGENIERIA ELECTRONICA,Masculino,2023B,Examen General de Admision,Colegio Particular
INGENIERIA ELECTRONICA,Masculino,2023B,Examen General de Admision,Colegio Nacional
INGENIERIA ELECTRONICA,Masculino,2023B,Examen General de Admision,Colegio Nacional
INGENIERIA ELECTRONICA,Masculino,2023B,Examen General de Admision,Colegio Particular
INGENIERIA ELECTRONICA,Masculino,2023B,Examen General de Admision,Colegio Particular
INGENIERIA ELECTRONICA,Masculino,2023B,Examen General de Admision,Colegio Nacional
INGENIERIA ELECTRONICA,Masculino,2023B,Examen General de Admision,Colegio Nacional
INGENIERIA ELECTRONICA,Masculino,2023B,Examen General de Admision,Colegio Particular
INGENIERIA ELECTRONICA,Masculino,2023B,Examen General de Admision,Colegio Particular
INGENIERIA ELECTRONICA,Masculino,2023B,Examen General de Admision,Colegio Nacional
INGENIERIA ELECTRONICA,Masculino,2023B,Examen General de Admision,Colegio Particular
INGENIERIA ELECTRONICA,Masculino,2023B,Examen General de Admision,Colegio Nacional
INGENIERIA ELECTRONICA,Masculino,2023B,Examen General de Admision,Colegio Nacional
INGENIERIA ELECTRONICA,Masculino,2023B,Examen General de Admision,Colegio Nacional
INGENIERIA ELECTRONICA,Masculino,2023B,Examen General de Admision,Colegio Nacional
INGENIERIA ELECTRONICA,Masculino,2023B,Examen General de Admision,Colegio Particular
INGENIERIA ELECTRONICA,Masculino,2023B,Examen General de Admision,Colegio Nacional
INGENIERIA ELECTRONICA,Masculino,2023B,Examen General de Admision,Colegio Particular
INGENIERIA ELECTRONICA,Masculino,2023B,Examen General de Admision,Colegio Particular
INGENIERIA ELECTRONICA,Masculino,2023B,Examen General de Admision,Colegio Particular
INGENIERIA ELECTRONICA,Masculino,2023B,Examen General de Admision,Colegio Nacional
INGENIERIA ELECTRONICA,Masculino,2023B,Examen General de Admision,Colegio Nacional
INGENIERIA ELECTRONICA,Masculino,2023B,Examen General de Admision,Colegio Nacional
INGENIERIA ELECTRONICA,Masculino,2023B,Examen General de Admision,Colegio Nacional
INGENIERIA ELECTRONICA,Masculino,2023B,Examen General de Admision,Colegio Particular
INGENIERIA ELECTRONICA,Masculino,2023B,Examen General de Admision,Colegio Nacional
INGENIERIA ELECTRONICA,Masculino,2023B,Examen General de Admision,Colegio Nacional
INGENIERIA ELECTRONICA,Masculino,2023B,Examen General de Admision,Colegio Nacional
INGENIERIA ELECTRONICA,Masculino,2023B,Examen General de Admision,Colegio Nacional
INGENIERIA ELECTRONICA,Masculino,2023B,Examen General de Admision,Colegio Particular
INGENIERIA ELECTRONICA,Masculino,2023B,Examen General de Admision,Colegio Particular
INGENIERIA DE ALIMENTOS,Femenino,2023B,Examen General de Admision,Colegio Particular
INGENIERIA DE ALIMENTOS,Femenino,2023B,Centro Pre-Universitario,Centro Pre de UNAC
INGENIERIA DE ALIMENTOS,Femenino,2023B,Centro Pre-Universitario,Centro Pre de UNAC
INGENIERIA DE ALIMENTOS,Masculino,2023B,Centro Pre-Universitario,Centro Pre de UNAC
INGENIERIA DE ALIMENTOS,Masculino,2023B,Centro Pre-Universitario,Centro Pre de UNAC
INGENIERIA DE ALIMENTOS,Femenino,2023B,Centro Pre-Universitario,Centro Pre de UNAC
INGENIERIA DE ALIMENTOS,Masculino,2023B,Examen General de Admision,Colegio Nacional
INGENIERIA DE ALIMENTOS,Masculino,2023B,Centro Pre-Universitario,Centro Pre de UNAC
INGENIERIA DE ALIMENTOS,Masculino,2023B,Examen General de Admision,Colegio Particular
INGENIERIA DE ALIMENTOS,Masculino,2023B,Centro Pre-Universitario,Centro Pre de UNAC
INGENIERIA DE ALIMENTOS,Femenino,2023B,Examen General de Admision,Colegio Nacional
INGENIERIA DE ALIMENTOS,Femenino,2023B,Centro Pre-Universitario,Centro Pre de UNAC
INGENIERIA DE ALIMENTOS,Masculino,2023B,Centro Pre-Universitario,Centro Pre de UNAC
INGENIERIA DE ALIMENTOS,Masculino,2023B,Examen General de Admision,Colegio Particular
INGENIERIA DE ALIMENTOS,Masculino,2023B,Centro Pre-Universitario,Centro Pre de UNAC
INGENIERIA DE ALIMENTOS,Femenino,2023B,Examen General de Admision,Colegio Nacional
INGENIERIA DE ALIMENTOS,Femenino,2023B,Centro Pre-Universitario,Centro Pre de UNAC
INGENIERIA DE ALIMENTOS,Masculino,2023B,Examen General de Admision,Colegio Nacional
INGENIERIA DE ALIMENTOS,Masculino,2023B,Examen General de Admision,Colegio Nacional
INGENIERIA DE ALIMENTOS,Femenino,2023B,Centro Pre-Universitario,Centro Pre de UNAC
INGENIERIA DE ALIMENTOS,Femenino,2023B,Centro Pre-Universitario,Centro Pre de UNAC
INGENIERIA DE ALIMENTOS,Masculino,2023B,Examen General de Admision,Colegio Nacional
INGENIERIA DE ALIMENTOS,Femenino,2023B,Examen General de Admision,Colegio Nacional
INGENIERIA DE ALIMENTOS,Femenino,2023B,Examen General de Admision,Colegio Particular
INGENIERIA DE ALIMENTOS,Femenino,2023B,Examen General de Admision,Colegio Nacional
INGENIERIA DE ALIMENTOS,Femenino,2023B,Examen General de Admision,Colegio Particular
INGENIERIA DE ALIMENTOS,Femenino,2023B,Examen General de Admision,Colegio Particular
INGENIERIA DE ALIMENTOS,Masculino,2023B,Examen General de Admision,Colegio Nacional
INGENIERIA DE ALIMENTOS,Masculino,2023B,Centro Pre-Universitario,Centro Pre de UNAC
INGENIERIA DE ALIMENTOS,Femenino,2023B,Examen General de Admision,Colegio Nacional
INGENIERIA DE ALIMENTOS,Masculino,2023B,Examen General de Admision,Colegio Nacional
INGENIERIA DE ALIMENTOS,Masculino,2023B,Examen General de Admision,Colegio Nacional
INGENIERIA DE ALIMENTOS,Femenino,2023B,Examen General de Admision,Colegio Nacional
INGENIERIA DE ALIMENTOS,Masculino,2023B,Examen General de Admision,Colegio Particular
INGENIERIA DE ALIMENTOS,Masculino,2023B,Examen General de Admision,Colegio Nacional
INGENIERIA DE ALIMENTOS,Masculino,2023B,Examen General de Admision,Colegio Particular
INGENIERIA DE ALIMENTOS,Masculino,2023B,Examen General de Admision,Colegio Nacional
INGENIERIA DE ALIMENTOS,Femenino,2023B,Examen General de Admision,Colegio Parroquial
INGENIERIA DE ALIMENTOS,Femenino,2023B,Examen General de Admision,Colegio Particular
INGENIERIA DE ALIMENTOS,Masculino,2023B,Examen General de Admision,Colegio Nacional
INGENIERIA DE ALIMENTOS,Femenino,2023B,Examen General de Admision,Colegio Nacional
INGENIERIA DE ALIMENTOS,Femenino,2023B,Examen General de Admision,Colegio Nacional
INGENIERIA DE ALIMENTOS,Femenino,2023B,Examen General de Admision,Colegio Nacional
INGENIERIA DE ALIMENTOS,Femenino,2023B,Examen General de Admision,Colegio Nacional
INGENIERIA DE ALIMENTOS,Femenino,2023B,Examen General de Admision,Colegio Nacional
INGENIERIA DE ALIMENTOS,Femenino,2023B,Examen General de Admision,Colegio Nacional
INGENIERIA DE ALIMENTOS,Femenino,2023B,Examen General de Admision,Colegio Particular
INGENIERIA DE ALIMENTOS,Femenino,2023B,Examen General de Admision,Colegio Particular
INGENIERIA DE ALIMENTOS,Masculino,2023B,Examen General de Admision,Colegio Particular
INGENIERIA DE ALIMENTOS,Femenino,2023B,Examen General de Admision,Colegio Nacional
INGENIERIA PESQUERA,Femenino,2023B,Primer/Segundo Puesto,Colegio Particular
INGENIERIA PESQUERA,Femenino,2023B,Traslado Externo Nacional,Universidad Nacional
INGENIERIA PESQUERA,Masculino,2023B,Centro Pre-Universitario,Centro Pre de UNAC
INGENIERIA PESQUERA,Masculino,2023B,Centro Pre-Universitario,Centro Pre de UNAC
INGENIERIA PESQUERA,Masculino,2023B,Centro Pre-Universitario,Centro Pre de UNAC
INGENIERIA PESQUERA,Masculino,2023B,Centro Pre-Universitario,Centro Pre de UNAC
INGENIERIA PESQUERA,Masculino,2023B,Centro Pre-Universitario,Centro Pre de UNAC
INGENIERIA PESQUERA,Masculino,2023B,Centro Pre-Universitario,Centro Pre de UNAC
INGENIERIA PESQUERA,Masculino,2023B,Centro Pre-Universitario,Centro Pre de UNAC
INGENIERIA PESQUERA,Femenino,2023B,Centro Pre-Universitario,Centro Pre de UNAC
INGENIERIA PESQUERA,Masculino,2023B,Centro Pre-Universitario,Centro Pre de UNAC
INGENIERIA PESQUERA,Femenino,2023B,Centro Pre-Universitario,Centro Pre de UNAC
INGENIERIA PESQUERA,Masculino,2023B,Examen General de Admision,Colegio Nacional
INGENIERIA PESQUERA,Femenino,2023B,Examen General de Admision,Colegio Nacional
INGENIERIA PESQUERA,Masculino,2023B,Examen General de Admision,Colegio Nacional
INGENIERIA PESQUERA,Masculino,2023B,Examen General de Admision,Colegio Particular
INGENIERIA PESQUERA,Masculino,2023B,Examen General de Admision,Colegio Particular
INGENIERIA PESQUERA,Masculino,2023B,Examen General de Admision,Colegio Particular
INGENIERIA PESQUERA,Masculino,2023B,Examen General de Admision,Colegio Nacional
INGENIERIA PESQUERA,Femenino,2023B,Examen General de Admision,Colegio Particular
INGENIERIA PESQUERA,Femenino,2023B,Examen General de Admision,Colegio Nacional
INGENIERIA PESQUERA,Masculino,2023B,Examen General de Admision,Colegio Particular
INGENIERIA PESQUERA,Masculino,2023B,Examen General de Admision,Colegio Particular
INGENIERIA PESQUERA,Masculino,2023B,Examen General de Admision,Colegio Nacional
INGENIERIA PESQUERA,Femenino,2023B,Examen General de Admision,Colegio Nacional
INGENIERIA PESQUERA,Masculino,2023B,Examen General de Admision,Colegio Parroquial
INGENIERIA PESQUERA,Masculino,2023B,Examen General de Admision,Colegio Particular
INGENIERIA PESQUERA,Masculino,2023B,Examen General de Admision,Colegio Nacional
INGENIERIA PESQUERA,Masculino,2023B,Examen General de Admision,Colegio Particular
INGENIERIA PESQUERA,Masculino,2023B,Examen General de Admision,Colegio Nacional
INGENIERIA PESQUERA,Masculino,2023B,Examen General de Admision,Colegio Particular
INGENIERIA PESQUERA,Masculino,2023B,Examen General de Admision,Colegio Nacional
INGENIERIA PESQUERA,Masculino,2023B,Examen General de Admision,Colegio Particular
INGENIERIA PESQUERA,Masculino,2023B,Examen General de Admision,Colegio Particular
INGENIERIA PESQUERA,Femenino,2023B,Examen General de Admision,Colegio Nacional
INGENIERIA PESQUERA,Masculino,2023B,Examen General de Admision,Colegio Particular
INGENIERIA PESQUERA,Masculino,2023B,Examen General de Admision,Colegio Nacional
INGENIERIA PESQUERA,Femenino,2023B,Examen General de Admision,Colegio Nacional
INGENIERIA PESQUERA,Masculino,2023B,Examen General de Admision,Colegio Nacional
INGENIERIA INDUSTRIAL,Masculino,2023B,Traslado Interno,Esta Universidad
INGENIERIA INDUSTRIAL,Femenino,2023B,Segunda Profesionalizacion,Esta Universidad
INGENIERIA INDUSTRIAL,Masculino,2023B,Centro Pre-Universitario,Centro Pre de UNAC
INGENIERIA INDUSTRIAL,Femenino,2023B,Personas con discapacidad,Colegio Nacional
INGENIERIA INDUSTRIAL,Femenino,2023B,Traslado Externo Nacional,Universidad Particular
INGENIERIA INDUSTRIAL,Masculino,2023B,Primer/Segundo Puesto,Colegio Nacional
INGENIERIA INDUSTRIAL,Masculino,2023B,Centro Pre-Universitario,Centro Pre de UNAC
INGENIERIA INDUSTRIAL,Masculino,2023B,Centro Pre-Universitario,Centro Pre de UNAC
INGENIERIA INDUSTRIAL,Masculino,2023B,Personas con discapacidad,Colegio Nacional
INGENIERIA INDUSTRIAL,Masculino,2023B,Centro Pre-Universitario,Centro Pre de UNAC
INGENIERIA INDUSTRIAL,Femenino,2023B,Examen General de Admision,Colegio Particular
INGENIERIA INDUSTRIAL,Femenino,2023B,Examen General de Admision,Colegio Particular
INGENIERIA INDUSTRIAL,Femenino,2023B,Examen General de Admision,Colegio Particular
INGENIERIA INDUSTRIAL,Masculino,2023B,Examen General de Admision,Colegio Nacional
INGENIERIA INDUSTRIAL,Masculino,2023B,Examen General de Admision,Colegio Nacional
INGENIERIA INDUSTRIAL,Masculino,2023B,Examen General de Admision,Colegio Nacional
INGENIERIA INDUSTRIAL,Masculino,2023B,Examen General de Admision,Colegio Nacional
INGENIERIA INDUSTRIAL,Masculino,2023B,Examen General de Admision,Colegio Particular
INGENIERIA INDUSTRIAL,Masculino,2023B,Examen General de Admision,Colegio Nacional
INGENIERIA INDUSTRIAL,Masculino,2023B,Examen General de Admision,Colegio Particular
INGENIERIA INDUSTRIAL,Masculino,2023B,Examen General de Admision,Colegio Particular
INGENIERIA INDUSTRIAL,Femenino,2023B,Examen General de Admision,Colegio Particular
INGENIERIA INDUSTRIAL,Masculino,2023B,Examen General de Admision,Colegio Particular
INGENIERIA INDUSTRIAL,Femenino,2023B,Examen General de Admision,Colegio Nacional
INGENIERIA INDUSTRIAL,Femenino,2023B,Examen General de Admision,Colegio Particular
INGENIERIA INDUSTRIAL,Masculino,2023B,Examen General de Admision,Colegio Nacional
INGENIERIA INDUSTRIAL,Masculino,2023B,Examen General de Admision,Colegio Particular
INGENIERIA INDUSTRIAL,Masculino,2023B,Examen General de Admision,Colegio Particular
INGENIERIA INDUSTRIAL,Femenino,2023B,Examen General de Admision,Colegio Particular
INGENIERIA INDUSTRIAL,Masculino,2023B,Examen General de Admision,Colegio Nacional
INGENIERIA INDUSTRIAL,Femenino,2023B,Examen General de Admision,Colegio Particular
INGENIERIA INDUSTRIAL,Masculino,2023B,Examen General de Admision,Colegio Particular
INGENIERIA INDUSTRIAL,Masculino,2023B,Examen General de Admision,Colegio Particular
INGENIERIA INDUSTRIAL,Masculino,2023B,Examen General de Admision,Colegio Nacional
INGENIERIA INDUSTRIAL,Masculino,2023B,Examen General de Admision,Colegio Nacional
INGENIERIA INDUSTRIAL,Masculino,2023B,Examen General de Admision,Colegio Particular
INGENIERIA INDUSTRIAL,Masculino,2023B,Examen General de Admision,Colegio Particular
INGENIERIA INDUSTRIAL,Masculino,2023B,Examen General de Admision,Colegio Particular
INGENIERIA INDUSTRIAL,Masculino,2023B,Examen General de Admision,Colegio Particular
INGENIERIA INDUSTRIAL,Masculino,2023B,Examen General de Admision,Colegio Particular
INGENIERIA INDUSTRIAL,Masculino,2023B,Examen General de Admision,Colegio Particular
INGENIERIA INDUSTRIAL,Femenino,2023B,Examen General de Admision,Colegio Particular
INGENIERIA INDUSTRIAL,Masculino,2023B,Examen General de Admision,Colegio Nacional
INGENIERIA INDUSTRIAL,Masculino,2023B,Examen General de Admision,Colegio Particular
INGENIERIA INDUSTRIAL,Femenino,2023B,Examen General de Admision,Colegio Particular
INGENIERIA DE SISTEMAS,Masculino,2023B,Primer/Segundo Puesto,Colegio Particular
INGENIERIA DE SISTEMAS,Masculino,2023B,Traslado Interno,Esta Universidad
INGENIERIA DE SISTEMAS,Masculino,2023B,Victimas del Terrorismo,Colegio Particular
INGENIERIA DE SISTEMAS,Masculino,2023B,Segunda Profesionalizacion,Esta Universidad
INGENIERIA DE SISTEMAS,Femenino,2023B,Traslado Externo Nacional,Universidad Particular
INGENIERIA DE SISTEMAS,Masculino,2023B,Centro Pre-Universitario,Centro Pre de UNAC
INGENIERIA DE SISTEMAS,Masculino,2023B,Personas con discapacidad,Colegio Nacional
INGENIERIA DE SISTEMAS,Masculino,2023B,Personas con discapacidad,Colegio Particular
INGENIERIA DE SISTEMAS,Masculino,2023B,Centro Pre-Universitario,Centro Pre de UNAC
INGENIERIA DE SISTEMAS,Masculino,2023B,Personas con discapacidad,Colegio Particular
INGENIERIA DE SISTEMAS,Masculino,2023B,Centro Pre-Universitario,Centro Pre de UNAC
INGENIERIA DE SISTEMAS,Masculino,2023B,Examen General de Admision,Colegio Nacional
INGENIERIA DE SISTEMAS,Masculino,2023B,Centro Pre-Universitario,Centro Pre de UNAC
INGENIERIA DE SISTEMAS,Masculino,2023B,Examen General de Admision,Colegio Nacional
INGENIERIA DE SISTEMAS,Masculino,2023B,Examen General de Admision,Colegio Particular
INGENIERIA DE SISTEMAS,Masculino,2023B,Examen General de Admision,Colegio Particular
INGENIERIA DE SISTEMAS,Masculino,2023B,Examen General de Admision,Colegio Nacional
INGENIERIA DE SISTEMAS,Masculino,2023B,Examen General de Admision,Colegio Particular
INGENIERIA DE SISTEMAS,Masculino,2023B,Examen General de Admision,Colegio Particular
INGENIERIA DE SISTEMAS,Masculino,2023B,Examen General de Admision,Colegio Particular
INGENIERIA DE SISTEMAS,Masculino,2023B,Examen General de Admision,Colegio Particular
INGENIERIA DE SISTEMAS,Masculino,2023B,Examen General de Admision,Colegio Particular
INGENIERIA DE SISTEMAS,Masculino,2023B,Examen General de Admision,Colegio Nacional
INGENIERIA DE SISTEMAS,Masculino,2023B,Examen General de Admision,Colegio Nacional
INGENIERIA DE SISTEMAS,Masculino,2023B,Examen General de Admision,Colegio Particular
INGENIERIA DE SISTEMAS,Masculino,2023B,Examen General de Admision,Colegio Nacional
INGENIERIA DE SISTEMAS,Masculino,2023B,Examen General de Admision,Colegio Parroquial
INGENIERIA DE SISTEMAS,Masculino,2023B,Examen General de Admision,Colegio Nacional
INGENIERIA DE SISTEMAS,Masculino,2023B,Examen General de Admision,Colegio Particular
INGENIERIA DE SISTEMAS,Masculino,2023B,Examen General de Admision,Colegio Nacional
INGENIERIA DE SISTEMAS,Masculino,2023B,Examen General de Admision,Colegio Particular
INGENIERIA DE SISTEMAS,Masculino,2023B,Examen General de Admision,Colegio Particular
INGENIERIA DE SISTEMAS,Masculino,2023B,Examen General de Admision,Colegio Nacional
INGENIERIA DE SISTEMAS,Masculino,2023B,Examen General de Admision,Colegio Nacional
INGENIERIA DE SISTEMAS,Masculino,2023B,Examen General de Admision,Colegio Particular
INGENIERIA DE SISTEMAS,Masculino,2023B,Examen General de Admision,Colegio Nacional
INGENIERIA DE SISTEMAS,Masculino,2023B,Examen General de Admision,Colegio Particular
INGENIERIA DE SISTEMAS,Masculino,2023B,Examen General de Admision,Colegio Particular
INGENIERIA DE SISTEMAS,Masculino,2023B,Examen General de Admision,Colegio Nacional
INGENIERIA DE SISTEMAS,Masculino,2023B,Examen General de Admision,Colegio Nacional
INGENIERIA DE SISTEMAS,Masculino,2023B,Examen General de Admision,Colegio Particular
INGENIERIA DE SISTEMAS,Masculino,2023B,Examen General de Admision,Colegio Nacional
INGENIERIA DE SISTEMAS,Masculino,2023B,Examen General de Admision,Colegio Particular
INGENIERIA DE SISTEMAS,Masculino,2023B,Examen General de Admision,Colegio Particular
INGENIERIA DE SISTEMAS,Femenino,2023B,Examen General de Admision,Colegio Particular
INGENIERIA QUIMICA,Masculino,2023B,Centro Pre-Universitario,Centro Pre de UNAC
INGENIERIA QUIMICA,Femenino,2023B,Primer/Segundo Puesto,Colegio Nacional
INGENIERIA QUIMICA,Masculino,2023B,Examen General de Admision,Colegio Nacional
INGENIERIA QUIMICA,Femenino,2023B,Centro Pre-Universitario,Centro Pre de UNAC
INGENIERIA QUIMICA,Masculino,2023B,Examen General de Admision,Colegio Nacional
INGENIERIA QUIMICA,Masculino,2023B,Centro Pre-Universitario,Centro Pre de UNAC
INGENIERIA QUIMICA,Femenino,2023B,Centro Pre-Universitario,Centro Pre de UNAC
INGENIERIA QUIMICA,Masculino,2023B,Centro Pre-Universitario,Centro Pre de UNAC
INGENIERIA QUIMICA,Masculino,2023B,Examen General de Admision,Colegio Nacional
INGENIERIA QUIMICA,Femenino,2023B,Centro Pre-Universitario,Centro Pre de UNAC
INGENIERIA QUIMICA,Masculino,2023B,Centro Pre-Universitario,Centro Pre de UNAC
INGENIERIA QUIMICA,Masculino,2023B,Examen General de Admision,Colegio Particular
INGENIERIA QUIMICA,Masculino,2023B,Centro Pre-Universitario,Centro Pre de UNAC
INGENIERIA QUIMICA,Masculino,2023B,Centro Pre-Universitario,Centro Pre de UNAC
INGENIERIA QUIMICA,Masculino,2023B,Examen General de Admision,Colegio Nacional
INGENIERIA QUIMICA,Masculino,2023B,Examen General de Admision,Colegio Nacional
INGENIERIA QUIMICA,Femenino,2023B,Centro Pre-Universitario,Centro Pre de UNAC
INGENIERIA QUIMICA,Masculino,2023B,Centro Pre-Universitario,Centro Pre de UNAC
INGENIERIA QUIMICA,Femenino,2023B,Centro Pre-Universitario,Centro Pre de UNAC
INGENIERIA QUIMICA,Masculino,2023B,Examen General de Admision,Colegio Particular
INGENIERIA QUIMICA,Femenino,2023B,Centro Pre-Universitario,Centro Pre de UNAC
INGENIERIA QUIMICA,Femenino,2023B,Examen General de Admision,Colegio Particular
INGENIERIA QUIMICA,Femenino,2023B,Centro Pre-Universitario,Centro Pre de UNAC
INGENIERIA QUIMICA,Femenino,2023B,Centro Pre-Universitario,Centro Pre de UNAC
INGENIERIA QUIMICA,Femenino,2023B,Centro Pre-Universitario,Centro Pre de UNAC
INGENIERIA QUIMICA,Masculino,2023B,Examen General de Admision,Colegio Nacional
INGENIERIA QUIMICA,Masculino,2023B,Examen General de Admision,Colegio Nacional
INGENIERIA QUIMICA,Masculino,2023B,Centro Pre-Universitario,Centro Pre de UNAC
INGENIERIA QUIMICA,Femenino,2023B,Centro Pre-Universitario,Centro Pre de UNAC
INGENIERIA QUIMICA,Masculino,2023B,Examen General de Admision,Colegio Particular
INGENIERIA QUIMICA,Femenino,2023B,Centro Pre-Universitario,Centro Pre de UNAC
INGENIERIA QUIMICA,Masculino,2023B,Centro Pre-Universitario,Centro Pre de UNAC
INGENIERIA QUIMICA,Masculino,2023B,Centro Pre-Universitario,Centro Pre de UNAC
INGENIERIA QUIMICA,Femenino,2023B,Examen General de Admision,Colegio Nacional
INGENIERIA QUIMICA,Masculino,2023B,Examen General de Admision,Colegio Particular
INGENIERIA QUIMICA,Femenino,2023B,Centro Pre-Universitario,Centro Pre de UNAC
INGENIERIA QUIMICA,Femenino,2023B,Centro Pre-Universitario,Centro Pre de UNAC
INGENIERIA QUIMICA,Masculino,2023B,Examen General de Admision,Colegio Nacional
INGENIERIA QUIMICA,Masculino,2023B,Examen General de Admision,Colegio Particular
INGENIERIA QUIMICA,Femenino,2023B,Examen General de Admision,Colegio Nacional
INGENIERIA QUIMICA,Femenino,2023B,Examen General de Admision,Colegio Particular
INGENIERIA QUIMICA,Femenino,2023B,Examen General de Admision,Colegio Nacional
INGENIERIA QUIMICA,Femenino,2023B,Examen General de Admision,Colegio Particular
INGENIERIA QUIMICA,Femenino,2023B,Examen General de Admision,Colegio Nacional
INGENIERIA QUIMICA,Femenino,2023B,Examen General de Admision,Colegio Particular
INGENIERIA QUIMICA,Femenino,2023B,Examen General de Admision,Colegio Particular
INGENIERIA QUIMICA,Femenino,2023B,Examen General de Admision,Colegio Nacional
INGENIERIA QUIMICA,Femenino,2023B,Examen General de Admision,Colegio Particular
INGENIERIA QUIMICA,Masculino,2023B,Examen General de Admision,Colegio Particular
INGENIERIA QUIMICA,Femenino,2023B,Examen General de Admision,Colegio Nacional
INGENIERIA QUIMICA,Femenino,2023B,Examen General de Admision,Colegio Nacional
INGENIERIA QUIMICA,Masculino,2023B,Examen General de Admision,Colegio Particular
INGENIERIA QUIMICA,Femenino,2023B,Examen General de Admision,Colegio Nacional
INGENIERIA QUIMICA,Masculino,2023B,Examen General de Admision,Colegio Nacional
INGENIERIA QUIMICA,Femenino,2023B,Examen General de Admision,Colegio Particular
INGENIERIA QUIMICA,Femenino,2023B,Examen General de Admision,Colegio Particular
INGENIERIA QUIMICA,Femenino,2023B,Examen General de Admision,Colegio Nacional
INGENIERIA QUIMICA,Femenino,2023B,Examen General de Admision,Colegio Nacional
INGENIERIA QUIMICA,Masculino,2023B,Examen General de Admision,Colegio Nacional
INGENIERIA QUIMICA,Masculino,2023B,Examen General de Admision,Colegio Nacional
INGENIERIA QUIMICA,Masculino,2023B,Examen General de Admision,Colegio Particular
INGENIERIA QUIMICA,Femenino,2023B,Examen General de Admision,Colegio Nacional
INGENIERIA QUIMICA,Femenino,2023B,Examen General de Admision,Colegio Particular
INGENIERIA QUIMICA,Masculino,2023B,Examen General de Admision,Colegio Particular
INGENIERIA QUIMICA,Femenino,2023B,Examen General de Admision,Colegio Nacional
INGENIERIA QUIMICA,Femenino,2023B,Examen General de Admision,Colegio Nacional
INGENIERIA QUIMICA,Masculino,2023B,Examen General de Admision,Colegio Nacional
INGENIERIA QUIMICA,Masculino,2023B,Examen General de Admision,Colegio Particular
INGENIERIA QUIMICA,Masculino,2023B,Examen General de Admision,Colegio Particular
INGENIERIA QUIMICA,Femenino,2023B,Examen General de Admision,Colegio Particular
INGENIERIA QUIMICA,Masculino,2023B,Examen General de Admision,Colegio Particular
INGENIERIA QUIMICA,Femenino,2023B,Examen General de Admision,Colegio Nacional
INGENIERIA QUIMICA,Femenino,2023B,Examen General de Admision,Colegio Particular
INGENIERIA QUIMICA,Masculino,2023B,Examen General de Admision,Colegio Nacional
INGENIERIA QUIMICA,Femenino,2023B,Examen General de Admision,Colegio Nacional
INGENIERIA QUIMICA,Masculino,2023B,Examen General de Admision,Colegio Particular
INGENIERIA QUIMICA,Femenino,2023B,Examen General de Admision,Colegio Nacional
INGENIERIA QUIMICA,Masculino,2023B,Examen General de Admision,Colegio Nacional
INGENIERIA QUIMICA,Masculino,2023B,Examen General de Admision,Colegio Nacional
INGENIERIA QUIMICA,Femenino,2023B,Examen General de Admision,Colegio Particular
INGENIERIA QUIMICA,Masculino,2023B,Examen General de Admision,Colegio Particular
INGENIERIA QUIMICA,Masculino,2023B,Examen General de Admision,Colegio Particular
INGENIERIA QUIMICA,Masculino,2023B,Examen General de Admision,Colegio Nacional
INGENIERIA QUIMICA,Masculino,2023B,Examen General de Admision,Colegio Particular
INGENIERIA MECANICA,Masculino,2023B,Segunda Profesionalizacion,Esta Universidad
INGENIERIA MECANICA,Masculino,2023B,Traslado Externo Nacional,Universidad Particular
INGENIERIA MECANICA,Masculino,2023B,Examen General de Admision,Colegio Particular
INGENIERIA MECANICA,Masculino,2023B,Traslado Interno,Esta Universidad
INGENIERIA MECANICA,Masculino,2023B,Centro Pre-Universitario,Centro Pre de UNAC
INGENIERIA MECANICA,Masculino,2023B,Primer/Segundo Puesto,Colegio Particular
INGENIERIA MECANICA,Masculino,2023B,Centro Pre-Universitario,Centro Pre de UNAC
INGENIERIA MECANICA,Masculino,2023B,Examen General de Admision,Colegio Nacional
INGENIERIA MECANICA,Masculino,2023B,Examen General de Admision,Colegio Nacional
INGENIERIA MECANICA,Masculino,2023B,Centro Pre-Universitario,Centro Pre de UNAC
INGENIERIA MECANICA,Masculino,2023B,Centro Pre-Universitario,Centro Pre de UNAC
INGENIERIA MECANICA,Masculino,2023B,Examen General de Admision,Colegio Nacional
INGENIERIA MECANICA,Masculino,2023B,Centro Pre-Universitario,Centro Pre de UNAC
INGENIERIA MECANICA,Masculino,2023B,Examen General de Admision,Colegio Particular
INGENIERIA MECANICA,Masculino,2023B,Centro Pre-Universitario,Centro Pre de UNAC
INGENIERIA MECANICA,Masculino,2023B,Centro Pre-Universitario,Centro Pre de UNAC
INGENIERIA MECANICA,Masculino,2023B,Centro Pre-Universitario,Centro Pre de UNAC
INGENIERIA MECANICA,Masculino,2023B,Examen General de Admision,Colegio Nacional
INGENIERIA MECANICA,Masculino,2023B,Centro Pre-Universitario,Centro Pre de UNAC
INGENIERIA MECANICA,Masculino,2023B,Examen General de Admision,Colegio Nacional
INGENIERIA MECANICA,Masculino,2023B,Examen General de Admision,Colegio Particular
INGENIERIA MECANICA,Masculino,2023B,Examen General de Admision,Colegio Particular
INGENIERIA MECANICA,Masculino,2023B,Examen General de Admision,Colegio Particular
INGENIERIA MECANICA,Masculino,2023B,Examen General de Admision,Colegio Nacional
INGENIERIA MECANICA,Masculino,2023B,Examen General de Admision,Colegio Particular
INGENIERIA MECANICA,Masculino,2023B,Examen General de Admision,Colegio Particular
INGENIERIA MECANICA,Masculino,2023B,Examen General de Admision,Colegio Particular
INGENIERIA MECANICA,Masculino,2023B,Examen General de Admision,Colegio Particular
INGENIERIA MECANICA,Femenino,2023B,Examen General de Admision,Colegio Particular
INGENIERIA MECANICA,Masculino,2023B,Examen General de Admision,Colegio Particular
INGENIERIA MECANICA,Masculino,2023B,Examen General de Admision,Colegio Nacional
INGENIERIA MECANICA,Masculino,2023B,Examen General de Admision,Colegio Nacional
INGENIERIA MECANICA,Masculino,2023B,Examen General de Admision,Colegio Particular
INGENIERIA MECANICA,Masculino,2023B,Examen General de Admision,Colegio Particular
INGENIERIA MECANICA,Masculino,2023B,Examen General de Admision,Colegio Nacional
INGENIERIA MECANICA,Masculino,2023B,Examen General de Admision,Colegio Nacional
INGENIERIA MECANICA,Masculino,2023B,Examen General de Admision,Colegio Nacional
INGENIERIA MECANICA,Masculino,2023B,Examen General de Admision,Colegio Nacional
INGENIERIA MECANICA,Masculino,2023B,Examen General de Admision,Colegio Particular
INGENIERIA MECANICA,Masculino,2023B,Examen General de Admision,Colegio Particular
INGENIERIA MECANICA,Masculino,2023B,Examen General de Admision,Colegio Parroquial
INGENIERIA MECANICA,Masculino,2023B,Examen General de Admision,Colegio Parroquial
INGENIERIA MECANICA,Masculino,2023B,Examen General de Admision,Colegio Particular
INGENIERIA MECANICA,Masculino,2023B,Examen General de Admision,Colegio Parroquial
INGENIERIA MECANICA,Masculino,2023B,Examen General de Admision,Colegio Particular
INGENIERIA MECANICA,Masculino,2023B,Examen General de Admision,Colegio Parroquial
INGENIERIA MECANICA,Masculino,2023B,Examen General de Admision,Colegio Nacional
INGENIERIA MECANICA,Masculino,2023B,Examen General de Admision,Colegio Particular
INGENIERIA MECANICA,Masculino,2023B,Examen General de Admision,Colegio Particular
INGENIERIA MECANICA,Masculino,2023B,Examen General de Admision,Colegio Particular
INGENIERIA MECANICA,Masculino,2023B,Examen General de Admision,Colegio Nacional
INGENIERIA EN ENERGIA,Masculino,2023B,Examen General de Admision,Colegio Particular
INGENIERIA EN ENERGIA,Masculino,2023B,Centro Pre-Universitario,Centro Pre de UNAC
INGENIERIA EN ENERGIA,Masculino,2023B,Centro Pre-Universitario,Centro Pre de UNAC
INGENIERIA EN ENERGIA,Masculino,2023B,Examen General de Admision,Colegio Particular
INGENIERIA EN ENERGIA,Masculino,2023B,Centro Pre-Universitario,Centro Pre de UNAC
INGENIERIA EN ENERGIA,Femenino,2023B,Centro Pre-Universitario,Centro Pre de UNAC
INGENIERIA EN ENERGIA,Masculino,2023B,Examen General de Admision,Colegio Particular
INGENIERIA EN ENERGIA,Masculino,2023B,Centro Pre-Universitario,Centro Pre de UNAC
INGENIERIA EN ENERGIA,Masculino,2023B,Examen General de Admision,Colegio Particular
INGENIERIA EN ENERGIA,Masculino,2023B,Centro Pre-Universitario,Centro Pre de UNAC
INGENIERIA EN ENERGIA,Masculino,2023B,Examen General de Admision,Colegio Particular
INGENIERIA EN ENERGIA,Masculino,2023B,Examen General de Admision,Colegio Nacional
INGENIERIA EN ENERGIA,Masculino,2023B,Centro Pre-Universitario,Centro Pre de UNAC
INGENIERIA EN ENERGIA,Femenino,2023B,Centro Pre-Universitario,Centro Pre de UNAC
INGENIERIA EN ENERGIA,Masculino,2023B,Centro Pre-Universitario,Centro Pre de UNAC
INGENIERIA EN ENERGIA,Femenino,2023B,Examen General de Admision,Colegio Nacional
INGENIERIA EN ENERGIA,Masculino,2023B,Examen General de Admision,Colegio Nacional
INGENIERIA EN ENERGIA,Masculino,2023B,Examen General de Admision,Colegio Nacional
INGENIERIA EN ENERGIA,Masculino,2023B,Examen General de Admision,Colegio Nacional
INGENIERIA EN ENERGIA,Masculino,2023B,Examen General de Admision,Colegio Nacional
INGENIERIA EN ENERGIA,Femenino,2023B,Examen General de Admision,Colegio Particular
INGENIERIA EN ENERGIA,Masculino,2023B,Examen General de Admision,Colegio Nacional
INGENIERIA EN ENERGIA,Masculino,2023B,Examen General de Admision,Colegio Nacional
INGENIERIA EN ENERGIA,Masculino,2023B,Examen General de Admision,Colegio Nacional
INGENIERIA EN ENERGIA,Masculino,2023B,Examen General de Admision,Colegio Nacional
ENFERMERIA,Femenino,2023B,Examen General de Admision,Colegio Nacional
ENFERMERIA,Femenino,2023B,Traslado Externo Nacional,Universidad Particular
ENFERMERIA,Femenino,2023B,Segunda Profesionalizacion,Esta Universidad
ENFERMERIA,Femenino,2023B,Primer/Segundo Puesto,Colegio Nacional
ENFERMERIA,Femenino,2023B,Centro Pre-Universitario,Centro Pre de UNAC
ENFERMERIA,Femenino,2023B,Victimas del Terrorismo,Colegio Nacional
ENFERMERIA,Femenino,2023B,Examen General de Admision,Colegio Nacional
ENFERMERIA,Femenino,2023B,Centro Pre-Universitario,Centro Pre de UNAC
ENFERMERIA,Femenino,2023B,Examen General de Admision,Colegio Nacional
ENFERMERIA,Femenino,2023B,Centro Pre-Universitario,Centro Pre de UNAC
ENFERMERIA,Femenino,2023B,Centro Pre-Universitario,Centro Pre de UNAC
ENFERMERIA,Masculino,2023B,Examen General de Admision,Colegio Particular
ENFERMERIA,Masculino,2023B,Centro Pre-Universitario,Centro Pre de UNAC
ENFERMERIA,Femenino,2023B,Centro Pre-Universitario,Centro Pre de UNAC
ENFERMERIA,Femenino,2023B,Centro Pre-Universitario,Centro Pre de UNAC
ENFERMERIA,Femenino,2023B,Centro Pre-Universitario,Centro Pre de UNAC
ENFERMERIA,Femenino,2023B,Examen General de Admision,Colegio Nacional
ENFERMERIA,Femenino,2023B,Centro Pre-Universitario,Centro Pre de UNAC
ENFERMERIA,Femenino,2023B,Centro Pre-Universitario,Centro Pre de UNAC
ENFERMERIA,Femenino,2023B,Examen General de Admision,Colegio Nacional
ENFERMERIA,Femenino,2023B,Examen General de Admision,Colegio Nacional
ENFERMERIA,Femenino,2023B,Examen General de Admision,Colegio Nacional
ENFERMERIA,Femenino,2023B,Examen General de Admision,Colegio Nacional
ENFERMERIA,Femenino,2023B,Examen General de Admision,Colegio Nacional
ENFERMERIA,Masculino,2023B,Examen General de Admision,Colegio Particular
ENFERMERIA,Femenino,2023B,Examen General de Admision,Colegio Particular
ENFERMERIA,Femenino,2023B,Examen General de Admision,Colegio Particular
ENFERMERIA,Femenino,2023B,Examen General de Admision,Colegio Nacional
ENFERMERIA,Femenino,2023B,Examen General de Admision,Colegio Particular
ENFERMERIA,Masculino,2023B,Examen General de Admision,Colegio Nacional
ENFERMERIA,Femenino,2023B,Examen General de Admision,Colegio Particular
ENFERMERIA,Femenino,2023B,Examen General de Admision,Colegio Nacional
ENFERMERIA,Masculino,2023B,Examen General de Admision,Colegio Particular
ENFERMERIA,Femenino,2023B,Examen General de Admision,Colegio Nacional
ENFERMERIA,Femenino,2023B,Examen General de Admision,Colegio Particular
ENFERMERIA,Femenino,2023B,Examen General de Admision,Colegio Particular
ENFERMERIA,Femenino,2023B,Examen General de Admision,Colegio Parroquial
ENFERMERIA,Femenino,2023B,Examen General de Admision,Colegio Nacional
ENFERMERIA,Masculino,2023B,Examen General de Admision,Colegio Particular
ENFERMERIA,Femenino,2023B,Examen General de Admision,Colegio Nacional
EDUCACION FISICA,Masculino,2023B,Deportistas Calificados,Colegio Nacional
EDUCACION FISICA,Masculino,2023B,Centro Pre-Universitario,Centro Pre de UNAC
EDUCACION FISICA,Masculino,2023B,Centro Pre-Universitario,Centro Pre de UNAC
EDUCACION FISICA,Masculino,2023B,Examen General de Admision,Colegio Particular
EDUCACION FISICA,Femenino,2023B,Centro Pre-Universitario,Centro Pre de UNAC
EDUCACION FISICA,Femenino,2023B,Centro Pre-Universitario,Centro Pre de UNAC
EDUCACION FISICA,Femenino,2023B,Examen General de Admision,Colegio Nacional
EDUCACION FISICA,Femenino,2023B,Centro Pre-Universitario,Centro Pre de UNAC
EDUCACION FISICA,Femenino,2023B,Examen General de Admision,Colegio Particular
EDUCACION FISICA,Femenino,2023B,Examen General de Admision,Colegio Nacional
EDUCACION FISICA,Masculino,2023B,Examen General de Admision,Colegio Nacional
EDUCACION FISICA,Masculino,2023B,Examen General de Admision,Colegio Particular
FISICA,Masculino,2023B,Primer/Segundo Puesto,Colegio Nacional
FISICA,Femenino,2023B,Centro Pre-Universitario,Centro Pre de UNAC
FISICA,Masculino,2023B,Centro Pre-Universitario,Centro Pre de UNAC
FISICA,Masculino,2023B,Centro Pre-Universitario,Centro Pre de UNAC
FISICA,Masculino,2023B,Centro Pre-Universitario,Centro Pre de UNAC
FISICA,Masculino,2023B,Centro Pre-Universitario,Centro Pre de UNAC
FISICA,Femenino,2023B,Centro Pre-Universitario,Centro Pre de UNAC
FISICA,Femenino,2023B,Centro Pre-Universitario,Centro Pre de UNAC
FISICA,Masculino,2023B,Examen General de Admision,Colegio Particular
FISICA,Masculino,2023B,Examen General de Admision,Colegio Nacional
FISICA,Masculino,2023B,Examen General de Admision,Colegio Nacional
FISICA,Femenino,2023B,Examen General de Admision,Colegio Particular
FISICA,Masculino,2023B,Examen General de Admision,Colegio Particular
FISICA,Masculino,2023B,Examen General de Admision,Colegio Parroquial
FISICA,Femenino,2023B,Examen General de Admision,Colegio Particular
FISICA,Masculino,2023B,Examen General de Admision,Colegio Nacional
FISICA,Masculino,2023B,Examen General de Admision,Colegio Particular
FISICA,Femenino,2023B,Examen General de Admision,Colegio Particular
FISICA,Masculino,2023B,Examen General de Admision,Colegio Particular
FISICA,Masculino,2023B,Examen General de Admision,Colegio Particular
FISICA,Femenino,2023B,Examen General de Admision,Colegio Nacional
FISICA,Masculino,2023B,Examen General de Admision,Colegio Particular
FISICA,Masculino,2023B,Examen General de Admision,Colegio Nacional
FISICA,Masculino,2023B,Examen General de Admision,Colegio Nacional
FISICA,Masculino,2023B,Examen General de Admision,Colegio Nacional
MATEMATICA,Masculino,2023B,Personas con discapacidad,Colegio Particular
MATEMATICA,Masculino,2023B,Centro Pre-Universitario,Centro Pre de UNAC
MATEMATICA,Masculino,2023B,Centro Pre-Universitario,Centro Pre de UNAC
MATEMATICA,Masculino,2023B,Examen General de Admision,Colegio Particular
MATEMATICA,Masculino,2023B,Centro Pre-Universitario,Centro Pre de UNAC
MATEMATICA,Femenino,2023B,Examen General de Admision,Colegio Nacional
MATEMATICA,Masculino,2023B,Centro Pre-Universitario,Centro Pre de UNAC
MATEMATICA,Femenino,2023B,Centro Pre-Universitario,Centro Pre de UNAC
MATEMATICA,Femenino,2023B,Examen General de Admision,Colegio Particular
MATEMATICA,Femenino,2023B,Centro Pre-Universitario,Centro Pre de UNAC
MATEMATICA,Masculino,2023B,Examen General de Admision,Colegio Particular
MATEMATICA,Femenino,2023B,Centro Pre-Universitario,Centro Pre de UNAC
MATEMATICA,Masculino,2023B,Examen General de Admision,Colegio Nacional
MATEMATICA,Femenino,2023B,Examen General de Admision,Colegio Nacional
MATEMATICA,Masculino,2023B,Examen General de Admision,Colegio Particular
MATEMATICA,Masculino,2023B,Examen General de Admision,Colegio Nacional
MATEMATICA,Masculino,2023B,Examen General de Admision,Colegio Nacional
MATEMATICA,Masculino,2023B,Examen General de Admision,Colegio Particular
MATEMATICA,Masculino,2023B,Examen General de Admision,Colegio Nacional
MATEMATICA,Masculino,2023B,Examen General de Admision,Colegio Nacional
MATEMATICA,Masculino,2023B,Examen General de Admision,Colegio Particular
MATEMATICA,Femenino,2023B,Examen General de Admision,Colegio Nacional
MATEMATICA,Masculino,2023B,Examen General de Admision,Colegio Nacional
MATEMATICA,Masculino,2023B,Examen General de Admision,Colegio Nacional
MATEMATICA,Masculino,2023B,Examen General de Admision,Colegio Nacional
MATEMATICA,Masculino,2023B,Examen General de Admision,Colegio Nacional
MATEMATICA,Masculino,2023B,Examen General de Admision,Colegio Nacional
MATEMATICA,Masculino,2023B,Examen General de Admision,Colegio Nacional
INGENIERIA AMBIENTAL Y DE RR.NN.,Masculino,2023B,Traslado Externo Nacional,Universidad Particular
INGENIERIA AMBIENTAL Y DE RR.NN.,Femenino,2023B,Primer/Segundo Puesto,Colegio Particular
INGENIERIA AMBIENTAL Y DE RR.NN.,Femenino,2023B,Centro Pre-Universitario,Centro Pre de UNAC
INGENIERIA AMBIENTAL Y DE RR.NN.,Masculino,2023B,Primer/Segundo Puesto,Colegio Particular
INGENIERIA AMBIENTAL Y DE RR.NN.,Femenino,2023B,Centro Pre-Universitario,Centro Pre de UNAC
INGENIERIA AMBIENTAL Y DE RR.NN.,Femenino,2023B,Centro Pre-Universitario,Centro Pre de UNAC
INGENIERIA AMBIENTAL Y DE RR.NN.,Femenino,2023B,Examen General de Admision,Colegio Particular
INGENIERIA AMBIENTAL Y DE RR.NN.,Masculino,2023B,Centro Pre-Universitario,Centro Pre de UNAC
INGENIERIA AMBIENTAL Y DE RR.NN.,Masculino,2023B,Examen General de Admision,Colegio Particular
INGENIERIA AMBIENTAL Y DE RR.NN.,Femenino,2023B,Centro Pre-Universitario,Centro Pre de UNAC
INGENIERIA AMBIENTAL Y DE RR.NN.,Femenino,2023B,Examen General de Admision,Colegio Particular
INGENIERIA AMBIENTAL Y DE RR.NN.,Femenino,2023B,Centro Pre-Universitario,Centro Pre de UNAC
INGENIERIA AMBIENTAL Y DE RR.NN.,Masculino,2023B,Centro Pre-Universitario,Centro Pre de UNAC
INGENIERIA AMBIENTAL Y DE RR.NN.,Masculino,2023B,Examen General de Admision,Colegio Particular
INGENIERIA AMBIENTAL Y DE RR.NN.,Masculino,2023B,Centro Pre-Universitario,Centro Pre de UNAC
INGENIERIA AMBIENTAL Y DE RR.NN.,Masculino,2023B,Centro Pre-Universitario,Centro Pre de UNAC
INGENIERIA AMBIENTAL Y DE RR.NN.,Masculino,2023B,Centro Pre-Universitario,Centro Pre de UNAC
INGENIERIA AMBIENTAL Y DE RR.NN.,Femenino,2023B,Examen General de Admision,Colegio Particular
INGENIERIA AMBIENTAL Y DE RR.NN.,Masculino,2023B,Centro Pre-Universitario,Centro Pre de UNAC
INGENIERIA AMBIENTAL Y DE RR.NN.,Masculino,2023B,Examen General de Admision,Colegio Particular
INGENIERIA AMBIENTAL Y DE RR.NN.,Femenino,2023B,Examen General de Admision,Colegio Nacional
INGENIERIA AMBIENTAL Y DE RR.NN.,Masculino,2023B,Centro Pre-Universitario,Centro Pre de UNAC
INGENIERIA AMBIENTAL Y DE RR.NN.,Masculino,2023B,Centro Pre-Universitario,Centro Pre de UNAC
INGENIERIA AMBIENTAL Y DE RR.NN.,Femenino,2023B,Centro Pre-Universitario,Centro Pre de UNAC
INGENIERIA AMBIENTAL Y DE RR.NN.,Masculino,2023B,Examen General de Admision,Colegio Particular
INGENIERIA AMBIENTAL Y DE RR.NN.,Femenino,2023B,Examen General de Admision,Colegio Particular
INGENIERIA AMBIENTAL Y DE RR.NN.,Masculino,2023B,Examen General de Admision,Colegio Particular
INGENIERIA AMBIENTAL Y DE RR.NN.,Masculino,2023B,Examen General de Admision,Colegio Particular
INGENIERIA AMBIENTAL Y DE RR.NN.,Femenino,2023B,Examen General de Admision,Colegio Particular
INGENIERIA AMBIENTAL Y DE RR.NN.,Masculino,2023B,Examen General de Admision,Colegio Particular
INGENIERIA AMBIENTAL Y DE RR.NN.,Masculino,2023B,Examen General de Admision,Colegio Particular
INGENIERIA AMBIENTAL Y DE RR.NN.,Masculino,2023B,Examen General de Admision,Colegio Particular
INGENIERIA AMBIENTAL Y DE RR.NN.,Masculino,2023B,Examen General de Admision,Colegio Nacional
INGENIERIA AMBIENTAL Y DE RR.NN.,Femenino,2023B,Examen General de Admision,Colegio Particular
INGENIERIA AMBIENTAL Y DE RR.NN.,Masculino,2023B,Examen General de Admision,Colegio Nacional
INGENIERIA AMBIENTAL Y DE RR.NN.,Masculino,2023B,Examen General de Admision,Colegio Nacional
INGENIERIA AMBIENTAL Y DE RR.NN.,Femenino,2023B,Examen General de Admision,Colegio Nacional
INGENIERIA AMBIENTAL Y DE RR.NN.,Femenino,2023B,Examen General de Admision,Colegio Nacional
INGENIERIA AMBIENTAL Y DE RR.NN.,Femenino,2023B,Examen General de Admision,Colegio Nacional
INGENIERIA AMBIENTAL Y DE RR.NN.,Femenino,2023B,Examen General de Admision,Colegio Nacional
